Group,x,y
1,5,15.18415147
1,6,20.12575277
1,7,18.75088386
1,8,17.78968661
1,9,27.16829996
1,10,17.88687103
1,11,24.65154819
1,12,19.30769899
1,13,26.68461619
1,14,28.02295823
1,15,32.36486703
2,5,27.12145074
2,6,30.02504461
2,7,31.15751332
2,8,41.10877136
2,9,41.29834233
2,10,43.70611359
2,11,49.54348101
2,12,56.36304329
2,13,55.49814229
2,14,61.1450131
2,15,64.86091232
